booking_id,member_id,facility_id,class_id,booking_time
1,39,29,12,11/10/2024 15:44
2,166,36,31,24/11/2024 21:04
3,192,24,,29/05/2024 10:00
4,110,28,,11/04/2025 15:10
5,118,48,49,06/10/2024 14:31
6,152,5,50,09/09/2024 00:41
7,62,6,84,04/05/2024 09:34
8,177,35,,18/07/2024 03:39
9,178,36,,16/04/2025 13:05
10,96,48,,23/06/2024 14:02
11,107,10,37,11/09/2024 21:32
12,140,43,40,04/05/2024 00:26
13,142,18,,18/05/2024 17:35
14,87,48,40,26/11/2024 18:46
15,120,34,60,29/06/2024 15:23
16,42,48,,23/01/2025 12:50
17,111,40,77,27/06/2024 10:36
18,38,13,,29/09/2024 05:23
19,27,48,18,17/11/2024 08:33
20,59,26,,10/11/2024 20:22
21,118,10,,24/06/2024 01:25
22,171,27,35,24/05/2024 04:04
23,198,39,,13/11/2024 00:07
24,184,21,,24/08/2024 09:02
25,122,14,,24/08/2024 09:44
26,26,23,,11/06/2024 14:21
27,115,10,,04/02/2025 06:34
28,57,18,54,21/09/2024 17:42
29,76,26,49,16/07/2024 23:51
30,26,47,2,09/10/2024 16:01
31,186,24,24,08/07/2024 16:54
32,89,44,20,04/11/2024 13:26
33,6,39,,15/07/2024 18:31
34,78,40,29,11/07/2024 12:36
35,155,6,93,05/01/2025 22:02
36,88,46,,27/01/2025 18:03
37,58,15,69,16/01/2025 13:13
38,137,12,39,30/10/2024 07:48
39,176,13,,18/06/2024 18:32
40,69,36,23,11/05/2024 11:08
41,114,4,35,19/09/2024 15:57
42,87,50,97,28/06/2024 01:11
43,180,36,78,31/08/2024 06:08
44,21,16,83,01/09/2024 22:24
45,60,5,,28/03/2025 18:35
46,41,7,,26/04/2024 13:31
47,119,3,,10/11/2024 22:07
48,49,16,3,10/03/2025 17:49
49,107,48,,22/11/2024 08:00
50,165,21,,06/09/2024 02:10
51,176,19,22,06/09/2024 11:32
52,60,4,,07/05/2024 22:05
53,57,33,4,01/09/2024 20:38
54,43,36,,09/08/2024 11:44
55,76,38,53,27/08/2024 09:41
56,33,31,43,04/03/2025 04:56
57,184,44,100,21/12/2024 02:11
58,173,42,62,24/12/2024 21:17
59,172,16,,28/02/2025 00:37
60,113,36,45,02/12/2024 07:04
61,78,7,,08/03/2025 21:36
62,187,45,,09/07/2024 17:02
63,139,31,44,07/04/2025 00:46
64,155,16,,05/07/2024 09:27
65,63,6,,14/12/2024 01:01
66,40,43,38,04/04/2025 21:05
67,140,38,91,22/06/2024 14:38
68,126,37,,21/05/2024 21:55
69,36,10,,07/06/2024 11:41
70,28,42,,24/10/2024 06:02
71,185,3,,29/08/2024 07:39
72,50,35,,31/10/2024 02:14
73,101,17,36,27/02/2025 08:14
74,176,45,,16/12/2024 07:54
75,111,30,6,02/11/2024 06:38
76,112,4,10,14/03/2025 12:20
77,104,36,,05/11/2024 01:43
78,150,13,,19/03/2025 10:28
79,33,2,5,06/01/2025 17:25
80,153,3,,24/03/2025 05:26
81,192,47,95,03/04/2025 02:55
82,72,13,41,27/05/2024 01:06
83,10,37,,01/06/2024 23:32
84,132,42,46,08/12/2024 02:24
85,137,41,,28/10/2024 17:30
86,53,10,,08/08/2024 11:35
87,64,32,57,22/12/2024 15:26
88,29,33,,17/08/2024 20:14
89,54,37,66,09/12/2024 13:28
90,50,27,,12/10/2024 11:07
91,54,38,,05/01/2025 14:46
92,79,5,11,15/02/2025 18:41
93,42,46,,22/05/2024 07:55
94,53,26,,30/04/2024 05:41
95,4,34,,26/05/2024 21:33
96,151,40,46,13/05/2024 12:59
97,90,21,84,13/08/2024 08:30
98,19,26,13,08/12/2024 08:04
99,151,33,,26/11/2024 16:35
100,178,43,,09/02/2025 18:40
101,66,42,93,24/04/2024 07:04
102,115,6,30,30/01/2025 19:40
103,110,1,,13/06/2024 00:12
104,114,37,65,29/01/2025 11:39
105,35,20,,17/04/2025 04:24
106,90,16,,16/09/2024 17:32
107,189,19,87,28/05/2024 20:37
108,56,49,,12/08/2024 05:52
109,44,26,28,22/03/2025 20:44
110,65,28,100,19/05/2024 06:29
111,118,9,23,01/06/2024 12:12
112,59,39,62,15/12/2024 00:07
113,85,29,13,06/03/2025 23:17
114,99,41,,04/07/2024 15:54
115,184,7,,13/05/2024 18:00
116,31,24,,18/10/2024 14:02
117,156,41,,02/03/2025 10:23
118,119,12,,14/10/2024 22:32
119,164,44,76,16/09/2024 11:12
120,200,33,10,21/12/2024 08:40
121,88,18,4,05/10/2024 19:36
122,111,2,42,01/12/2024 20:34
123,16,23,,18/11/2024 15:33
124,122,46,,18/06/2024 03:50
125,103,38,79,09/05/2024 11:13
126,54,7,66,24/07/2024 17:40
127,60,22,50,31/03/2025 05:23
128,152,43,,09/01/2025 09:33
129,76,34,54,11/03/2025 20:53
130,80,36,,09/06/2024 13:47
131,25,3,,28/09/2024 18:12
132,179,25,84,11/10/2024 04:46
133,168,48,,17/06/2024 14:10
134,112,50,90,12/07/2024 05:29
135,29,10,,21/08/2024 00:03
136,181,35,97,25/12/2024 02:56
137,80,40,,12/09/2024 23:48
138,125,49,73,25/02/2025 12:00
139,167,43,89,14/03/2025 06:32
140,90,32,,21/02/2025 23:02
141,30,8,,22/05/2024 11:51
142,88,13,,08/04/2025 09:06
143,136,45,6,15/07/2024 13:03
144,192,37,68,05/11/2024 01:08
145,98,35,95,03/02/2025 12:46
146,83,7,24,27/08/2024 14:02
147,132,6,,15/01/2025 17:15
148,155,38,,26/08/2024 01:34
149,109,23,,29/06/2024 16:02
150,104,44,,27/11/2024 09:37
151,61,41,31,29/08/2024 03:39
152,134,1,5,19/07/2024 01:06
153,29,18,,15/01/2025 21:31
154,197,12,24,08/05/2024 12:31
155,187,31,24,25/07/2024 06:09
156,132,33,,16/01/2025 12:36
157,136,27,75,24/09/2024 17:57
158,181,41,,27/01/2025 05:58
159,103,18,,30/11/2024 01:32
160,35,17,88,21/12/2024 20:09
161,191,6,24,23/07/2024 19:07
162,8,32,,17/09/2024 05:53
163,137,35,83,13/04/2025 15:19
164,43,43,,24/01/2025 00:18
165,138,43,,12/09/2024 09:43
166,165,28,,03/05/2024 07:26
167,85,15,21,23/03/2025 00:56
168,51,38,,09/01/2025 00:57
169,62,1,,16/06/2024 11:43
170,73,4,33,24/03/2025 01:25
171,106,29,,15/06/2024 03:40
172,67,18,7,29/08/2024 09:01
173,82,1,,13/12/2024 06:16
174,179,5,90,15/12/2024 20:25
175,94,37,,26/08/2024 03:56
176,86,37,67,10/10/2024 17:53
177,185,13,19,17/10/2024 01:57
178,72,37,,06/10/2024 12:16
179,107,45,29,17/01/2025 11:06
180,28,4,,15/12/2024 02:41
181,58,26,,17/07/2024 20:30
182,49,17,29,18/10/2024 17:04
183,119,15,,26/01/2025 05:20
184,63,40,7,21/07/2024 12:42
185,176,43,63,25/10/2024 04:32
186,114,14,,23/06/2024 13:09
187,167,29,,19/12/2024 05:34
188,53,38,87,06/03/2025 06:11
189,87,25,,17/09/2024 19:55
190,179,39,32,17/07/2024 22:02
191,103,24,,19/03/2025 09:34
192,39,43,63,02/12/2024 08:35
193,173,36,,20/03/2025 14:44
194,181,43,,21/06/2024 11:17
195,141,15,,25/06/2024 15:47
196,43,37,,27/04/2024 20:02
197,126,11,,28/11/2024 13:41
198,107,48,,26/03/2025 10:05
199,73,43,,26/06/2024 15:29
200,76,48,,12/05/2024 04:46
